site,wildtype,mutation,mut_mean,condition,site_mean,label_site,protein_site,protein_chain
19,T,S,-0.67287,H17L19,-0.851825,19,19,A B C
19,T,V,-1.03078,H17L19,-0.851825,19,19,A B C
24,Y,C,-0.22864,H17L19,-0.22864,24,24,A B C
25,H,L,-0.94081,H17L19,-0.94081,25,25,A B C
34,D,N,-0.10448,H17L19,-0.10448,34,34,A B C
51,E,V,-0.73783,H17L19,-1.096166667,51,51,A B C
51,E,T,-1.19071,H17L19,-1.096166667,51,51,A B C
51,E,A,-1.35996,H17L19,-1.096166667,51,51,A B C
52,D,V,-0.49738,H17L19,-0.49738,52,52,A B C
53,S,V,-0.87418,H17L19,-0.900375,53,53,A B C
53,S,Q,-0.92657,H17L19,-0.900375,53,53,A B C
56,G,S,-0.53607,H17L19,-0.53607,56,56,A B C
62,K,S,-0.97253,H17L19,-0.97253,62,62,A B C
64,I,R,-1.32761,H17L19,-1.32761,64,64,A B C
65,A,R,-0.48978,H17L19,-0.48978,65,65,A B C
70,G,S,-0.99375,H17L19,-0.950215,70,70,A B C
70,G,L,-0.90668,H17L19,-0.950215,70,70,A B C
72,C,Y,0.19559,H17L19,0.19559,72,72,A B C
75,T,P,-0.91197,H17L19,-0.937015,75,75,A B C
75,T,V,-0.96206,H17L19,-0.937015,75,75,A B C
83,E,L,-0.57439,H17L19,-0.565185,83,83,A B C
83,E,T,-0.55598,H17L19,-0.565185,83,83,A B C
88,L,V,-0.58975,H17L19,-0.58975,88,88,A B C
89,P,F,-0.536,H17L19,-0.536,89,89,A B C
92,S,T,-0.68003,H17L19,-0.68003,92,92,A B C
99,T,V,-0.7627,H17L19,-1.36585,99,99,A B C
99,T,S,-1.969,H17L19,-1.36585,99,99,A B C
102,S,P,-0.94521,H17L19,-0.94521,102,102,A B C
103,E,Q,-0.25359,H17L19,-0.25359,103,103,A B C
104,N,Q,-0.41209,H17L19,-0.71351,104,104,A B C
104,N,T,-1.01493,H17L19,-0.71351,104,104,A B C
126,S,A,-0.59424,H17L19,-0.59424,126,126,A B C
127,S,A,-0.81352,H17L19,-1.00726,127,127,A B C
127,S,L,-1.201,H17L19,-1.00726,127,127,A B C
138,S,F,-0.93051,H17L19,-0.930995,138,138,A B C
138,S,V,-0.93148,H17L19,-0.930995,138,138,A B C
146,N,F,-1.64274,H17L19,-1.628805,146,146,A B C
146,N,H,-1.61487,H17L19,-1.628805,146,146,A B C
148,V,G,-0.49038,H17L19,-0.49038,148,148,A B C
150,V,Y,-0.83502,H17L19,-1.762515,150,150,A B C
150,V,F,-0.50644,H17L19,-1.762515,150,150,A B C
150,V,L,-1.75123,H17L19,-1.762515,150,150,A B C
150,V,A,-3.95737,H17L19,-1.762515,150,150,A B C
153,S,A,2.86408,H17L19,5.49267,153,153,A B C
153,S,K,6.57562,H17L19,5.49267,153,153,A B C
153,S,I,7.03831,H17L19,5.49267,153,153,A B C
156,G,A,5.89107,H17L19,5.89107,156,156,A B C
157,K,F,6.17889,H17L19,6.878563333,157,157,A B C
157,K,I,7.34679,H17L19,6.878563333,157,157,A B C
157,K,L,7.11001,H17L19,6.878563333,157,157,A B C
162,R,H,-0.79582,H17L19,-0.79582,162,162,A B C
167,L,I,-1.33121,H17L19,-1.33121,167,167,A B C
171,G,E,-1.52575,H17L19,-1.52575,171,171,A B C
173,S,N,-2.0122,H17L19,-2.0122,173,173,A B C
175,P,Y,-2.61276,H17L19,-3.024883333,175,175,A B C
175,P,G,-2.75891,H17L19,-3.024883333,175,175,A B C
175,P,R,-3.70298,H17L19,-3.024883333,175,175,A B C
176,K,A,-1.6344,H17L19,-2.306573333,176,176,A B C
176,K,Q,-2.27902,H17L19,-2.306573333,176,176,A B C
176,K,P,-3.0063,H17L19,-2.306573333,176,176,A B C
177,L,H,-0.6017,H17L19,-0.6017,177,177,A B C
179,N,T,-0.97236,H17L19,-0.97236,179,179,A B C
180,S,T,-1.36526,H17L19,-1.36526,180,180,A B C
182,V,W,-0.8988,H17L19,-0.8988,182,182,A B C
187,K,R,-0.88193,H17L19,-0.88193,187,187,A B C
189,V,A,-0.33405,H17L19,-0.33405,189,189,A B C
192,L,P,-0.15972,H17L19,-0.565486667,192,192,A B C
192,L,V,-0.55341,H17L19,-0.565486667,192,192,A B C
192,L,I,-0.98333,H17L19,-0.565486667,192,192,A B C
197,H,W,-0.51066,H17L19,-0.51066,197,197,A B C
201,S,L,-1.45952,H17L19,-1.45952,201,201,A B C
206,S,E,-1.93166,H17L19,-1.93166,206,206,A B C
207,L,V,-0.43371,H17L19,-0.43371,207,207,A B C
209,S,L,-1.82369,H17L19,-2.350645,209,209,A B C
209,S,G,-2.8776,H17L19,-2.350645,209,209,A B C
210,N,T,-1.73996,H17L19,-1.9699525,210,210,A B C
210,N,I,-1.93868,H17L19,-1.9699525,210,210,A B C
210,N,S,-1.87971,H17L19,-1.9699525,210,210,A B C
210,N,P,-2.32146,H17L19,-1.9699525,210,210,A B C
212,N,E,-0.42565,H17L19,-0.67588,212,212,A B C
212,N,G,-0.92611,H17L19,-0.67588,212,212,A B C
213,A,K,-1.51641,H17L19,-1.584285,213,213,A B C
213,A,V,-1.65216,H17L19,-1.584285,213,213,A B C
214,Y,I,-0.55323,H17L19,-0.55323,214,214,A B C
218,A,V,-0.35912,H17L19,-0.35912,218,218,A B C
219,S,A,-1.00879,H17L19,-1.00879,219,219,A B C
222,Y,L,-1.42177,H17L19,-1.42177,222,222,A B C
223,N,A,-1.93216,H17L19,-2.312735,223,223,A B C
223,N,F,-2.69331,H17L19,-2.312735,223,223,A B C
224,R,Q,-0.97357,H17L19,-0.97357,224,224,A B C
226,F,V,-2.22435,H17L19,-2.22435,226,226,A B C
227,T,K,-0.61207,H17L19,-0.61207,227,227,A B C
228,P,V,-2.0428,H17L19,-2.0428,228,228,A B C
229,E,A,-1.05275,H17L19,-1.05275,229,229,A B C
231,A,F,-1.02135,H17L19,-1.9235,231,231,A B C
231,A,V,-2.82565,H17L19,-1.9235,231,231,A B C
232,A,W,-1.23598,H17L19,-1.23598,232,232,A B C
235,K,Q,-1.28014,H17L19,-1.85705,235,235,A B C
235,K,S,-2.43396,H17L19,-1.85705,235,235,A B C
236,V,K,-0.5869,H17L19,-1.00402,236,236,A B C
236,V,H,-1.42114,H17L19,-1.00402,236,236,A B C
237,R,M,-1.07364,H17L19,-1.303883333,237,237,A B C
237,R,H,-1.08581,H17L19,-1.303883333,237,237,A B C
237,R,S,-1.7522,H17L19,-1.303883333,237,237,A B C
244,N,E,-0.26743,H17L19,-0.86183,244,244,A B C
244,N,Y,-1.45623,H17L19,-0.86183,244,244,A B C
246,Y,H,-1.5954,H17L19,-1.5954,246,246,A B C
248,T,V,-0.79169,H17L19,-0.79169,248,248,A B C
249,L,I,-1.13978,H17L19,-1.13978,249,249,A B C
251,E,F,-0.67413,H17L19,-0.67413,251,251,A B C
252,P,A,-1.01063,H17L19,-1.01063,252,252,A B C
256,I,L,-1.52029,H17L19,-1.52029,256,256,A B C
257,I,F,-1.18379,H17L19,-1.172235,257,257,A B C
257,I,W,-1.16068,H17L19,-1.172235,257,257,A B C
258,F,L,-1.18035,H17L19,-1.18035,258,258,A B C
261,T,A,-0.74167,H17L19,-0.74167,261,261,A B C
262,G,D,0.23811,H17L19,0.23811,262,262,A B C
270,A,G,-1.23594,H17L19,-1.23594,270,270,A B C
272,A,V,-1.08505,H17L19,-0.95554,272,272,A B C
272,A,I,-0.97648,H17L19,-0.95554,272,272,A B C
272,A,E,-0.80509,H17L19,-0.95554,272,272,A B C
274,S,E,-0.78577,H17L19,-0.78577,274,274,A B C
276,G,T,-1.85467,H17L19,-1.85467,276,276,A B C
278,E,Q,-1.27567,H17L19,-1.16314,278,278,A B C
278,E,R,-1.05061,H17L19,-1.16314,278,278,A B C
280,G,A,-0.68926,H17L19,-0.707855,280,280,A B C
280,G,D,-0.72645,H17L19,-0.707855,280,280,A B C
281,I,N,-0.20516,H17L19,-0.20516,281,281,A B C
283,T,Y,-1.23992,H17L19,-1.597635,283,283,A B C
283,T,Q,-1.95535,H17L19,-1.597635,283,283,A B C
285,N,M,-0.17557,H17L19,-0.960295,285,285,A B C
285,N,L,-1.74502,H17L19,-0.960295,285,285,A B C
287,S,V,-0.2166,H17L19,-0.2166,287,287,A B C
289,H,Q,-1.02985,H17L19,-1.02985,289,289,A B C
292,N,Y,-0.4658,H17L19,-0.4658,292,292,A B C
293,T,A,-1.2701,H17L19,-1.2701,293,293,A B C
299,Q,F,-0.84839,H17L19,-1.1807725,299,299,A B C
299,Q,I,-1.03738,H17L19,-1.1807725,299,299,A B C
299,Q,R,-1.39808,H17L19,-1.1807725,299,299,A B C
299,Q,N,-1.43924,H17L19,-1.1807725,299,299,A B C
301,A,T,-0.52143,H17L19,-0.52143,301,301,A B C
303,N,V,-0.90995,H17L19,-0.91067,303,303,A B C
303,N,Q,-0.8804,H17L19,-0.91067,303,303,A B C
303,N,H,-0.94166,H17L19,-0.91067,303,303,A B C
304,S,N,-0.23881,H17L19,-0.23881,304,304,A B C
305,N,D,-0.92264,H17L19,-0.92264,305,305,A B C
306,L,K,-0.83579,H17L19,-0.83579,306,306,A B C
312,H,G,-1.08649,H17L19,-1.08649,312,312,A B C
314,V,Q,-0.97979,H17L19,-1.29587,314,314,A B C
314,V,R,-1.61195,H17L19,-1.29587,314,314,A B C
315,T,C,-0.77203,H17L19,-0.77203,315,315,A B C
326,T,L,-0.83989,H17L19,-0.83989,326,326,A B C
330,M,L,-0.67064,H17L19,-0.67064,330,330,A B C
340,I,T,-0.30126,H17L19,-0.30126,340,340,A B C
358,T,V,-0.44713,H17L19,-0.44713,358,358,A B C
375,S,E,-0.38536,H17L19,-0.38536,375,375,A B C
378,A,S,-1.24878,H17L19,-1.24878,378,378,A B C
381,Q,Y,-0.55177,H17L19,-1.134725,381,381,A B C
381,Q,V,-1.71768,H17L19,-1.134725,381,381,A B C
382,K,M,-0.35097,H17L19,-0.35097,382,382,A B C
385,Q,A,-0.59278,H17L19,-0.59278,385,385,A B C
386,N,D,-0.5801,H17L19,-1.338105,386,386,A B C
386,N,K,-2.09611,H17L19,-1.338105,386,386,A B C
388,I,V,-1.823,H17L19,-1.823,388,388,A B C
393,N,Q,-0.56801,H17L19,-0.575175,393,393,A B C
393,N,H,-0.58234,H17L19,-0.575175,393,393,A B C
401,K,I,-0.61891,H17L19,-0.61891,401,401,A B C
403,N,A,-0.64704,H17L19,-0.64704,403,403,A B C
404,T,I,-0.55199,H17L19,-0.599245,404,404,A B C
404,T,C,-0.6465,H17L19,-0.599245,404,404,A B C
405,Q,H,-0.8762,H17L19,-0.8762,405,405,A B C
408,A,Q,-0.56077,H17L19,-0.56077,408,408,A B C
409,V,C,-0.38106,H17L19,-0.38106,409,409,A B C
411,K,G,-1.93561,H17L19,-1.93561,411,411,A B C
412,E,R,-1.28838,H17L19,-1.28838,412,412,A B C
413,F,W,-0.8321,H17L19,-0.8321,413,413,A B C
415,N,F,-1.60291,H17L19,-1.891915,415,415,A B C
415,N,L,-2.18092,H17L19,-1.891915,415,415,A B C
422,N,D,-0.48226,H17L19,-0.48226,422,422,A B C
441,L,I,-0.57232,H17L19,-0.57232,441,441,A B C
456,L,D,-0.80191,H17L19,-0.80191,456,456,A B C
460,N,A,-0.99636,H17L19,-0.99636,460,460,A B C
468,Q,T,-1.45906,H17L19,-1.45906,468,468,A B C
470,K,V,-0.6633,H17L19,-0.769865,470,470,A B C
470,K,S,-0.87643,H17L19,-0.769865,470,470,A B C
471,N,W,-0.38012,H17L19,-0.38012,471,471,A B C
473,A,G,-0.74467,H17L19,-0.74467,473,473,A B C
474,K,I,-1.37566,H17L19,-1.48429,474,474,A B C
474,K,A,-1.59292,H17L19,-1.48429,474,474,A B C
476,I,N,-0.55474,H17L19,-0.94589,476,476,A B C
476,I,R,-1.33704,H17L19,-0.94589,476,476,A B C
478,N,I,-0.05018,H17L19,-0.05018,478,478,A B C
488,D,S,-1.18896,H17L19,-1.18896,488,488,A B C
490,E,S,-1.44452,H17L19,-1.44452,490,490,A B C
491,C,Y,-0.23962,H17L19,-0.23962,491,491,A B C
492,M,T,0.27564,H17L19,0.27564,492,492,A B C
493,E,M,-0.35373,H17L19,-0.35373,493,493,A B C
497,N,I,-1.84151,H17L19,-1.859475,497,497,A B C
497,N,A,-1.87744,H17L19,-1.859475,497,497,A B C
498,G,S,-0.59475,H17L19,-0.699865,498,498,A B C
498,G,R,-0.80498,H17L19,-0.699865,498,498,A B C
501,D,V,-0.52622,H17L19,-0.621165,501,501,A B C
501,D,L,-0.71611,H17L19,-0.621165,501,501,A B C
503,P,I,-0.73679,H17L19,-0.73679,503,503,A B C